vendor_code,name,brand,series,color,backset,center_distance,bolt_count,bolt_throw,bolt_diameter,mechanism_type,key_type,key_count,cylinder_included,cylinder_size,cylinder_material,mounting_type,purpose,package_type
Замок врезной Apecs 1026_60-G,Замок врезной Apecs 1026/60-G,Apecs,1026/60,G,40.0,61.5,3,18,12,cylindrical,flat key,5,included,30/30,brass,faceplate,general,box
Замок врезной Apecs 6000-CR,Замок врезной Apecs 6000-CR,Apecs,6000,CR,45.0,72.0,,15,,cylindrical,,,not included,,,screws,interior doors with notch,pack
Замок врезной противопожарный Apecs 3000-ZN,Замок врезной противопожарный Apecs 3000-ZN,Apecs,3000,,65.0,0.0,,14,,cylindrical,,,not included,,,bolts,fireproof,pack
Замок врезной Apecs 1523_60-G,Замок врезной Apecs 1523/60-G,Apecs,1523/60,G,45.0,70.0,3,20,12,cylindrical,flat key,5,included,30/30,brass,faceplate,general,box
Замок врезной Apecs 1330_60-AB,Замок врезной Apecs 1330/60-AB,Apecs,1330/60,AB,40.0,80.0,,20,,cylindrical,flat key,5,included,30/30,brass,faceplate,general,box
Замок врезной Apecs 2223_60-CR,Замок врезной Apecs 2223/60-CR,Apecs,2223/60,CR,45.0,85.0,3,20,12,cylindrical,flat key,5,included,30/30,brass,faceplate,general,box
Замок для роллет Apecs RSL-30x120,Замок для роллет Apecs RSL-30x120,Apecs,30,,0.0,0.0,,26,,cylindrical,,3,,,,,roller shutter locks,pack
"Замок врезной сувальдный Avers R12_S6-CR (5 keys, ","Замок врезной сувальдный Avers R12/S6-CR (5 keys, shank 50mm)",Avers,12/,CR,50.5,0.0,3,21,10.5,sdeadbolt with double bit,,5,,,,faceplate,general,pack
Замок врезной Apecs 7300-25-NIS,Замок врезной Apecs 7300-25-NIS,Apecs,7300,NI,25.0,85.0,,15,,cylindrical,,,not included,,,faceplate,aluminum profile doors,pack
Замок врезной Avers T-0523-C-CR-L,Замок врезной Avers T-0523-C-CR-L,Avers,0523,CR,60.0,80.0,3,25,18,cylindrical,,,not included,,,faceplate,general,box
Замок врезной Apecs 6000-W,Замок врезной Apecs 6000-W,Apecs,6000,,45.0,72.0,,15,,cylindrical,,,not included,,,screws,interior doors with notch,pack
Замок врезной Apecs 95_60-G,Замок врезной Apecs 95/60-G,Apecs,95/60,G,40.0,0.0,,20,,cylindrical,flat key,5,included,30/30,brass,faceplate,general,box
Замок врезной Apecs 6000-G,Замок врезной Apecs 6000-G,Apecs,6000,G,45.0,72.0,,15,,cylindrical,,,not included,,,screws,interior doors with notch,pack
Замок врезной Apecs 2200_60-CR,Замок врезной Apecs 2200/60-CR,Apecs,2200/60,CR,45.0,85.0,3,20,12,cylindrical,flat key,5,included,30/30,brass,faceplate,general,box
Замок врезной Apecs 7000-45-NI,Замок врезной Apecs 7000-45-NI,Apecs,7000,NI,45.0,92.0,,20,,cylindrical,,,not included,,,faceplate,PVC profile doors,pack
Замок врезной Avers 0823_60-AB,Замок врезной Avers 0823/60-AB,Avers,0823/60,AB,40.0,50.0,,16,,cylindrical,flat key,5,included,30/30,aluminum,faceplate,general,box
Замок врезной Avers 1223_60-AB,Замок врезной Avers 1223/60-AB,Avers,1223/60,AB,40.0,70.0,,20,,cylindrical,flat key,5,included,30/30,ZAMAK,faceplate,general,box
Замок врезной Apecs 1223_60-AC,Замок врезной Apecs 1223/60-AC,Apecs,1223/60,AC,40.0,70.0,,20,,cylindrical,flat key,5,included,30/30,brass,faceplate,general,box
Замок врезной Apecs 2227_60-G_GM,Замок врезной Apecs 2227/60-G/GM,Apecs,2227/60,G,45.0,85.0,3,20,12,cylindrical,flat key,5,included,30/30,brass,faceplate,general,box
Замок врезной Apecs 1523_60-CR,Замок врезной Apecs 1523/60-CR,Apecs,1523/60,CR,45.0,70.0,3,20,12,cylindrical,flat key,5,included,30/30,brass,faceplate,general,box
Замок врезной Apecs 1227_60-AB,Замок врезной Apecs 1227/60-AB,Apecs,1227/60,AB,40.0,70.0,,20,,cylindrical,flat key,5,included,30/30,brass,faceplate,general,box
Замок врезной Apecs 7000-25-NI,Замок врезной Apecs 7000-25-NI,Apecs,7000,NI,25.0,92.0,,20,,cylindrical,,,not included,,,faceplate,PVC profile doors,pack
Замок врезной Apecs 1226_60-CR,Замок врезной Apecs 1226/60-CR,Apecs,1226/60,CR,40.0,70.0,,20,,cylindrical,flat key,5,included,30/30,brass,faceplate,general,box
Замок врезной Apecs 2227_60-NI_NIS,Замок врезной Apecs 2227/60-NI/NIS,Apecs,2227/60,NI,45.0,85.0,3,20,12,cylindrical,flat key,5,included,30/30,brass,faceplate,general,box
Замок врезной Apecs 1026_60-CR,Замок врезной Apecs 1026/60-CR,Apecs,1026/60,CR,40.0,61.5,3,18,12,cylindrical,flat key,5,included,30/30,brass,faceplate,general,box
Замок врезной Apecs 1527_60-NI_NIS,Замок врезной Apecs 1527/60-NI/NIS,Apecs,1527/60,NI,45.0,70.0,3,20,12,cylindrical,flat key,5,included,30/30,brass,faceplate,general,box
Замок врезной Apecs 1223_60-CR,Замок врезной Apecs 1223/60-CR,Apecs,1223/60,CR,40.0,70.0,,20,,cylindrical,flat key,5,included,30/30,brass,faceplate,general,box
Замок врезной Apecs 1223_60-AB,Замок врезной Apecs 1223/60-AB,Apecs,1223/60,AB,40.0,70.0,,20,,cylindrical,flat key,5,included,30/30,brass,faceplate,general,box
"Замок врезной Apecs T-52-CR (w_o BP, w_o DP)","Замок врезной Apecs T-52-CR (w/o BP, w/o DP)",Apecs,52,CR,60.0,85.0,3,24,16,cylindrical,,,not included,,,faceplate,general,box
Замок врезной Avers 2210_60-G,Замок врезной Avers 2210/60-G,Avers,2210/60,G,45.0,85.0,3,20,12,cylindrical,flat key,5,included,30/30,ZAMAK,faceplate,general,box
Замок врезной Apecs 1601-CR,Замок врезной Apecs 1601-CR,Apecs,1601,CR,55.0,55.0,,20,,cylindrical,,,not included,,,faceplate,general,box
Замок врезной Apecs 7600-25-R-NI,Замок врезной Apecs 7600-25-R-NI,Apecs,7600,NI,25.0,0.0,,23,,cylindrical,,,not included,,,faceplate,aluminum profile doors,pack
Замок врезной Apecs 1423-AB,Замок врезной Apecs 1423-AB,Apecs,1423,AB,55.0,58.5,,20,,cylindrical,,,not included,,,faceplate,general,box
Замок врезной Apecs 1000_60-G,Замок врезной Apecs 1000/60-G,Apecs,1000/60,G,40.0,61.5,3,18,12,cylindrical,flat key,5,included,30/30,brass,faceplate,general,box
Замок врезной Apecs 1323_60-AB,Замок врезной Apecs 1323/60-AB,Apecs,1323/60,AB,40.0,80.0,,20,,cylindrical,flat key,5,included,30/30,brass,faceplate,general,box
Замок врезной противопожарный Avers 2000-ZN-RE (B2,Замок врезной противопожарный Avers 2000-ZN-RE (B2B),Avers,2000,,65.0,72.0,,14,,cylindrical,,,not included,,,bolts,fireproof,pack
Замок врезной Apecs 7300-35-R-NIS,Замок врезной Apecs 7300-35-R-NIS,Apecs,7300,NI,35.0,0.0,,15,,cylindrical,,,not included,,,faceplate,aluminum profile doors,pack
Замок врезной Avers 1523_60-CR,Замок врезной Avers 1523/60-CR,Avers,1523/60,CR,45.0,70.0,3,20,12,cylindrical,flat key,5,included,30/30,ZAMAK,faceplate,general,box
Замок врезной противопожарный Apecs 8300-INOX (B2B,Замок врезной противопожарный Apecs 8300-INOX (B2B),Apecs,8300,,55.0,72.0,,20,,cylindrical,,,not included,,,faceplate,fireproof,pack
Замок врезной Apecs 1330_60-AC,Замок врезной Apecs 1330/60-AC,Apecs,1330/60,AC,40.0,80.0,,20,,cylindrical,flat key,5,included,30/30,brass,faceplate,general,box
Замок врезной сувальдный Avers ЗВ9-4-1-4 (белый),Замок врезной сувальдный Avers ЗВ9-4-1-4 (белый),Avers,9,,55.0,55.0,3,23,12,sdeadbolt with double bit,,3,,,,faceplate,general,box
"Замок врезной Avers T-32-CR (w_o BP, w_o DP)","Замок врезной Avers T-32-CR (w/o BP, w/o DP)",Avers,32,CR,68.0,85.0,3,26,16,cylindrical,,,not included,,,faceplate,general,box
Замок врезной Apecs 95_60-CR,Замок врезной Apecs 95/60-CR,Apecs,95/60,CR,40.0,0.0,,20,,cylindrical,flat key,5,included,30/30,brass,faceplate,general,box
Замок врезной Apecs T-0523-C-G-R,Замок врезной Apecs T-0523-C-G-R,Apecs,0523,G,60.0,80.0,3,24,18,cylindrical,,,not included,,,faceplate,general,box
Замок врезной Apecs 7300-30-R-NIS,Замок врезной Apecs 7300-30-R-NIS,Apecs,7300,NI,30.0,0.0,,15,,cylindrical,,,not included,,,faceplate,aluminum profile doors,pack
Замок врезной Apecs 2223_60-AB,Замок врезной Apecs 2223/60-AB,Apecs,2223/60,AB,45.0,85.0,3,20,12,cylindrical,flat key,5,included,30/30,brass,faceplate,general,box
Замок врезной Apecs 1527_60-G_GM,Замок врезной Apecs 1527/60-G/GM,Apecs,1527/60,G,45.0,70.0,3,20,12,cylindrical,flat key,5,included,30/30,brass,faceplate,general,box
Замок врезной Avers 0823_60-C-NI,Замок врезной Avers 0823/60-C-NI,Avers,0823/60,NI,40.0,50.0,,16,,cylindrical,flat key,5,included,30/30,aluminum,faceplate,general,box
Замок врезной Avers 1023_60-G,Замок врезной Avers 1023/60-G,Avers,1023/60,G,40.0,61.5,3,18,12,cylindrical,flat key,5,included,30/30,ZAMAK,faceplate,general,box
Замок врезной Apecs 1425-CR,Замок врезной Apecs 1425-CR,Apecs,1425,CR,55.0,58.5,,20,,cylindrical,,,not included,,,faceplate,general,box
Замок врезной Apecs 1023_60-AC,Замок врезной Apecs 1023/60-AC,Apecs,1023/60,AC,40.0,61.5,3,18,12,cylindrical,flat key,5,included,30/30,brass,faceplate,general,box
Замок врезной Avers 0823_60-AC,Замок врезной Avers 0823/60-AC,Avers,0823/60,AC,40.0,50.0,,16,,cylindrical,flat key,5,included,30/30,aluminum,faceplate,general,box
Замок врезной Avers 2223_70-CR,Замок врезной Avers 2223/70-CR,Avers,2223/70,CR,45.0,85.0,3,20,12,cylindrical,flat key,5,included,35/35,ZAMAK,faceplate,general,box
Замок врезной Apecs 94-H_60-CR,Замок врезной Apecs 94-H/60-CR,Apecs,94,CR,40.0,0.0,,20,,cylindrical,flat key,5,included,30/30,brass,faceplate,general,box
Замок врезной противопожарный Avers 2000-ZN,Замок врезной противопожарный Avers 2000-ZN,Avers,2000,,65.0,72.0,,14,,cylindrical,,,not included,,,bolts,fireproof,pack
Замок врезной Apecs 99-K-G,Замок врезной Apecs 99-K-G,Apecs,99,G,50.0,0.0,4,28.5,12,cylindrical,,,,,,faceplate,general,box
Замок врезной Apecs 1323_60-AC,Замок врезной Apecs 1323/60-AC,Apecs,1323/60,AC,40.0,80.0,,20,,cylindrical,flat key,5,included,30/30,brass,faceplate,general,box
Замок врезной Avers 1223_60-G,Замок врезной Avers 1223/60-G,Avers,1223/60,G,40.0,70.0,,20,,cylindrical,flat key,5,included,30/30,ZAMAK,faceplate,general,box
"Замок врезной Avers T-42-CR (w_o BP, w_o DP)","Замок врезной Avers T-42-CR (w/o BP, w/o DP)",Avers,42,CR,60.0,85.0,3,26,14,cylindrical,,,not included,,,faceplate,general,box
Замок врезной Apecs 2600-G,Замок врезной Apecs 2600-G,Apecs,2600,G,45.0,85.0,3,20,12,cylindrical,,,not included,,,faceplate,general,box
Замок врезной Apecs 1023_60-AB,Замок врезной Apecs 1023/60-AB,Apecs,1023/60,AB,40.0,61.5,3,18,12,cylindrical,flat key,5,included,30/30,brass,faceplate,general,box
Замок врезной сувальдный Avers ЗВ9-4-1-4 (медь),Замок врезной сувальдный Avers ЗВ9-4-1-4 (медь),Avers,9,,55.0,55.0,3,23,12,sdeadbolt with double bit,,3,,,,faceplate,general,box
Замок врезной Apecs 29-R-CR,Замок врезной Apecs 29-R-CR,Apecs,29,CR,20.0,0.0,,16,,cylindrical,,,not included,,,faceplate,Узкопрофильные двери,box
Замок врезной противопожарный Apecs 1900-INOX-BLM,Замок врезной противопожарный Apecs 1900-INOX-BLM,Apecs,1900,,65.0,72.0,,21,,cylindrical,,,not included,,,faceplate,fireproof,pack
Замок врезной противопожарный Apecs 8300-INOX-BLM ,Замок врезной противопожарный Apecs 8300-INOX-BLM (B2B),Apecs,8300,,55.0,72.0,,20,,cylindrical,,,not included,,,faceplate,fireproof,pack
Замок врезной Apecs 1526_60-CR,Замок врезной Apecs 1526/60-CR,Apecs,1526/60,CR,45.0,70.0,3,20,12,cylindrical,flat key,5,included,30/30,brass,faceplate,general,box
Замок врезной Apecs 2210_60-CR,Замок врезной Apecs 2210/60-CR,Apecs,2210/60,CR,45.0,85.0,3,20,12,cylindrical,flat key,5,included,30/30,brass,faceplate,general,box
Замок врезной Apecs 7000-35-NI,Замок врезной Apecs 7000-35-NI,Apecs,7000,NI,35.0,92.0,,20,,cylindrical,,,not included,,,faceplate,PVC profile doors,pack
Замок врезной Avers ЗВ4-1-8 (серебро),Замок врезной Avers ЗВ4-1-8 (серебро),Avers,4,,55.0,55.0,3,23,12,cylindrical,flat key,4,included,35/35,ZAMAK,faceplate,general,box
Замок врезной сувальдный Avers ЗВ9-4-1-4 (серебро),Замок врезной сувальдный Avers ЗВ9-4-1-4 (серебро),Avers,9,,55.0,55.0,3,23,12,sdeadbolt with double bit,,3,,,,faceplate,general,box
Замок врезной противопожарный Avers 2000-ZN (B2B),Замок врезной противопожарный Avers 2000-ZN (B2B),Avers,2000,,65.0,72.0,,14,,cylindrical,,,not included,,,bolts,fireproof,pack
Замок врезной Apecs 7000-25-R-NI,Замок врезной Apecs 7000-25-R-NI,Apecs,7000,NI,25.0,0.0,,20,,cylindrical,,,not included,,,faceplate,Узкопрофильные двери,pack
Замок врезной Apecs 1227_60-NI_NIS,Замок врезной Apecs 1227/60-NI/NIS,Apecs,1227/60,NI,40.0,70.0,,20,,cylindrical,flat key,5,included,30/30,brass,faceplate,general,box
Замок врезной Apecs T-0523-C-CR-R,Замок врезной Apecs T-0523-C-CR-R,Apecs,0523,CR,60.0,80.0,3,24,18,cylindrical,,,not included,,,faceplate,general,box
Замок врезной Avers ЗВ4-1-8 (медь),Замок врезной Avers ЗВ4-1-8 (медь),Avers,4,,55.0,55.0,3,23,12,cylindrical,flat key,4,included,35/35,ZAMAK,faceplate,general,box
Замок врезной Apecs 2227_60-AB,Замок врезной Apecs 2227/60-AB,Apecs,2227/60,AB,45.0,85.0,3,20,12,cylindrical,flat key,5,included,30/30,brass,faceplate,general,box
"Замок врезной Apecs T-52-NIS (w_o BP, w_o DP)","Замок врезной Apecs T-52-NIS (w/o BP, w/o DP)",Apecs,52,NI,60.0,85.0,3,24,16,cylindrical,,,not included,,,faceplate,general,box
Замок врезной Apecs 1823-AB,Замок врезной Apecs 1823-AB,Apecs,1823,AB,55.0,72.0,,20,,cylindrical,,,not included,,,faceplate,general,box
Замок врезной Avers 2223_70-AB,Замок врезной Avers 2223/70-AB,Avers,2223/70,AB,45.0,85.0,3,20,12,cylindrical,flat key,5,included,35/35,ZAMAK,faceplate,general,box
Замок врезной Apecs 7600-25-NI,Замок врезной Apecs 7600-25-NI,Apecs,7600,NI,25.0,85.0,,23,,cylindrical,,,not included,,,faceplate,aluminum profile doors,pack
"Замок врезной сувальдный Avers R11_S6-CR (3 keys, ","Замок врезной сувальдный Avers R11/S6-CR (3 keys, shank 50mm)",Avers,11/,CR,50.5,0.0,2,20,10.5,sdeadbolt with double bit,,3,,,,faceplate,general,pack
Замок врезной Apecs 6000-WC_S-CR,Замок врезной Apecs 6000-WC/S-CR,Apecs,6000,CR,45.0,72.0,,15,,sdeadbolt,,1,,,,screws,interior doors with notch,pack
Замок врезной Apecs 1223_60-G,Замок врезной Apecs 1223/60-G,Apecs,1223/60,G,40.0,70.0,,20,,cylindrical,flat key,5,included,30/30,brass,faceplate,general,box
"Замок врезной сувальдный Avers T-47_S6-CR (w_o BP,","Замок врезной сувальдный Avers T-47/S6-CR (w/o BP, w/o DP, 4 keys, shank 60mm)",Avers,47/,CR,60.0,0.0,3,26,14,sdeadbolt with double bit,,4,,,,faceplate,general,box
Замок врезной Apecs 1623-AB,Замок врезной Apecs 1623-AB,Apecs,1623,AB,55.0,55.0,,20,,cylindrical,,,not included,,,faceplate,general,box
Замок врезной Avers 0827_60-NI,Замок врезной Avers 0827/60-NI,Avers,0827/60,NI,40.0,50.0,,16,,cylindrical,flat key,5,included,30/30,aluminum,faceplate,general,box
Замок врезной Apecs 1423-CR,Замок врезной Apecs 1423-CR,Apecs,1423,CR,55.0,58.5,,20,,cylindrical,,,not included,,,faceplate,general,box
Замок врезной Apecs 90-K-G,Замок врезной Apecs 90-K-G,Apecs,90,G,45.0,0.0,,23,,cylindrical,,5,,,,faceplate,general,box
"Замок врезной сувальдный Avers T-37_S6-CR (w_o BP,","Замок врезной сувальдный Avers T-37/S6-CR (w/o BP, w/o DP, 5 keys, shank 75mm)",Avers,37/,CR,68.0,0.0,3,26,16,sdeadbolt with double bit,,5,,,,faceplate,general,box
"Замок врезной сувальдный Avers R13_S6-CR (5 keys, ","Замок врезной сувальдный Avers R13/S6-CR (5 keys, shank 45mm)",Avers,13/,CR,54.0,0.0,3,21,12,sdeadbolt with double bit,,5,,,,faceplate,general,pack
Замок врезной Apecs 7300-35-NIS,Замок врезной Apecs 7300-35-NIS,Apecs,7300,NI,35.0,85.0,,15,,cylindrical,,,not included,,,faceplate,aluminum profile doors,pack
Замок врезной Apecs 1027_60-AB,Замок врезной Apecs 1027/60-AB,Apecs,1027/60,AB,40.0,61.5,3,18,12,cylindrical,flat key,5,included,30/30,brass,faceplate,general,box
Замок врезной Apecs 1330_60-G,Замок врезной Apecs 1330/60-G,Apecs,1330/60,G,40.0,80.0,,20,,cylindrical,flat key,5,included,30/30,brass,faceplate,general,box
Замок врезной Avers 1023_60-AB,Замок врезной Avers 1023/60-AB,Avers,1023/60,AB,40.0,61.5,3,18,12,cylindrical,flat key,5,included,30/30,ZAMAK,faceplate,general,box
Замок врезной Apecs 2210_60-G,Замок врезной Apecs 2210/60-G,Apecs,2210/60,G,45.0,85.0,3,20,12,cylindrical,flat key,5,included,30/30,brass,faceplate,general,box
Замок врезной Avers T-0523-C-AB-L,Замок врезной Avers T-0523-C-AB-L,Avers,0523,AB,60.0,80.0,3,25,18,cylindrical,,,not included,,,faceplate,general,box
Замок врезной Apecs 2200_60-G,Замок врезной Apecs 2200/60-G,Apecs,2200/60,G,45.0,85.0,3,20,12,cylindrical,flat key,5,included,30/30,brass,faceplate,general,box
Замок врезной Apecs 7000-30-R-NI,Замок врезной Apecs 7000-30-R-NI,Apecs,7000,NI,30.0,0.0,,20,,cylindrical,,,not included,,,faceplate,PVC profile doors,pack
Замок врезной Apecs 1526_60-G,Замок врезной Apecs 1526/60-G,Apecs,1526/60,G,45.0,70.0,3,20,12,cylindrical,flat key,5,included,30/30,brass,faceplate,general,box
Замок врезной Apecs 7300-30-NIS,Замок врезной Apecs 7300-30-NIS,Apecs,7300,NI,30.0,85.0,,15,,cylindrical,,,not included,,,faceplate,aluminum profile doors,pack
Замок врезной Avers 0827_60-G,Замок врезной Avers 0827/60-G,Avers,0827/60,G,40.0,50.0,,16,,cylindrical,flat key,5,included,30/30,aluminum,faceplate,general,box
Замок врезной Apecs 91_60-G,Замок врезной Apecs 91/60-G,Apecs,91/60,G,50.0,0.0,3,30,14,cylindrical,flat key,5,included,30/30,brass,faceplate,general,box
Замок врезной Apecs 2223_60-AC,Замок врезной Apecs 2223/60-AC,Apecs,2223/60,AC,45.0,85.0,3,20,12,cylindrical,flat key,5,included,30/30,brass,faceplate,general,box
Замок врезной Avers 0827_60-C-G,Замок врезной Avers 0827/60-C-G,Avers,0827/60,G,40.0,50.0,,16,,cylindrical,flat key,5,included,30/30,aluminum,faceplate,general,box
Замок врезной Apecs 1000_60-CR,Замок врезной Apecs 1000/60-CR,Apecs,1000/60,CR,40.0,61.5,3,18,12,cylindrical,flat key,5,included,30/30,brass,faceplate,general,box
Замок врезной Avers 1523_60-AB,Замок врезной Avers 1523/60-AB,Avers,1523/60,AB,45.0,70.0,3,20,12,cylindrical,flat key,5,included,30/30,ZAMAK,faceplate,general,box
Замок врезной Apecs 1323_60-G,Замок врезной Apecs 1323/60-G,Apecs,1323/60,G,40.0,80.0,,20,,cylindrical,flat key,5,included,30/30,brass,faceplate,general,box
Замок врезной Apecs 1823-NIS,Замок врезной Apecs 1823-NIS,Apecs,1823,NI,55.0,72.0,,20,,cylindrical,,,not included,,,faceplate,general,box
Замок врезной Apecs 1027_60-G_GM,Замок врезной Apecs 1027/60-G/GM,Apecs,1027/60,G,40.0,61.5,3,18,12,cylindrical,flat key,5,included,30/30,brass,faceplate,general,box
Замок врезной Apecs 1023_60-CR,Замок врезной Apecs 1023/60-CR,Apecs,1023/60,CR,40.0,61.5,3,18,12,cylindrical,flat key,5,included,30/30,brass,faceplate,general,box
"Замок врезной сувальдный Avers R34_S6-CR (5 keys, ","Замок врезной сувальдный Avers R34/S6-CR (5 keys, shank 50mm)",Avers,34/,CR,78.5,0.0,3,22,14,sdeadbolt with double bit,,5,,,,faceplate,general,pack
Замок врезной Apecs 1527_60-AB,Замок врезной Apecs 1527/60-AB,Apecs,1527/60,AB,45.0,70.0,3,20,12,cylindrical,flat key,5,included,30/30,brass,faceplate,general,box
"Замок врезной сувальдный Avers T-47_S6-CR (w_o BP,","Замок врезной сувальдный Avers T-47/S6-CR (w/o BP, w/o DP, 4 keys, shank 75mm)",Avers,47/,CR,60.0,0.0,3,26,14,sdeadbolt with double bit,,4,,,,faceplate,general,box
Замок врезной Apecs 30-R-CR,Замок врезной Apecs 30-R-CR,Apecs,30,CR,50.0,0.0,,20,,cylindrical,,,not included,,,faceplate,general,box
Замок врезной Apecs 2200_70-G,Замок врезной Apecs 2200/70-G,Apecs,2200/70,G,45.0,85.0,3,20,12,cylindrical,flat key,5,included,35/35,brass,faceplate,general,box
Замок врезной Apecs 1523_60-AB,Замок врезной Apecs 1523/60-AB,Apecs,1523/60,AB,45.0,70.0,3,20,12,cylindrical,flat key,5,included,30/30,brass,faceplate,general,box
Замок врезной Apecs T-0523-C-AB-L,Замок врезной Apecs T-0523-C-AB-L,Apecs,0523,AB,60.0,80.0,3,24,18,cylindrical,,,not included,,,faceplate,general,box
Замок врезной Apecs 7000-30-NI,Замок врезной Apecs 7000-30-NI,Apecs,7000,NI,30.0,92.0,,20,,cylindrical,,,not included,,,faceplate,PVC profile doors,pack
"Замок врезной сувальдный Avers T-52_S8-CR (w_o BP,","Замок врезной сувальдный Avers T-52/S8-CR (w/o BP, w/o DP, 4 keys, shank 75mm)",Avers,52/,CR,60.0,85.0,3,36,16,sdeadbolt with double bit,,4,,,,faceplate,general,box
Замок врезной Apecs 7000-40-R-NI,Замок врезной Apecs 7000-40-R-NI,Apecs,7000,NI,40.0,0.0,,20,,cylindrical,,,not included,,,faceplate,Узкопрофильные двери,pack
Замок врезной Apecs 2223_60-G,Замок врезной Apecs 2223/60-G,Apecs,2223/60,G,45.0,85.0,3,20,12,cylindrical,flat key,5,included,30/30,brass,faceplate,general,box
Замок врезной Avers 2226_70-AB,Замок врезной Avers 2226/70-AB,Avers,2226/70,AB,45.0,85.0,3,20,12,cylindrical,flat key,5,included,35/35,ZAMAK,faceplate,general,box
Замок врезной Avers 0827_60-AC,Замок врезной Avers 0827/60-AC,Avers,0827/60,AC,40.0,50.0,,16,,cylindrical,flat key,5,included,30/30,aluminum,faceplate,general,box
Замок врезной Apecs T-0523-C-G-L,Замок врезной Apecs T-0523-C-G-L,Apecs,0523,G,60.0,80.0,3,24,18,cylindrical,,,not included,,,faceplate,general,box
Замок врезной Apecs T-0523-C-CR-L,Замок врезной Apecs T-0523-C-CR-L,Apecs,0523,CR,60.0,80.0,3,24,18,cylindrical,,,not included,,,faceplate,general,box
Замок врезной Apecs T-0523-C-AB-R,Замок врезной Apecs T-0523-C-AB-R,Apecs,0523,AB,60.0,80.0,3,24,18,cylindrical,,,not included,,,faceplate,general,box
Замок врезной противопожарный Apecs 2000-Panic-ZN,Замок врезной противопожарный Apecs 2000-Panic-ZN,Apecs,2000,,65.0,72.0,,25,,cylindrical,,,not included,,,bolts,fireproof,pack
Замок врезной Apecs T-05-CR,Замок врезной Apecs T-05-CR,Apecs,05,CR,60.0,85.0,4,24,18,cylindrical,,,not included,,,faceplate,general,box
Замок врезной Apecs 91_60-CR,Замок врезной Apecs 91/60-CR,Apecs,91/60,CR,50.0,0.0,3,30,14,cylindrical,flat key,5,included,30/30,brass,faceplate,general,box
Замок врезной Avers 1223_60-AC,Замок врезной Avers 1223/60-AC,Avers,1223/60,AC,40.0,70.0,,20,,cylindrical,flat key,5,included,30/30,ZAMAK,faceplate,general,box
Замок врезной Apecs 1027_60-NI_NIS,Замок врезной Apecs 1027/60-NI/NIS,Apecs,1027/60,NI,40.0,61.5,3,18,12,cylindrical,flat key,5,included,30/30,brass,faceplate,general,box
Замок врезной Avers 1611_70-CR,Замок врезной Avers 1611/70-CR,Avers,1611/70,CR,55.0,55.0,,22,,cylindrical,flat key,4,included,35/35,ZAMAK,faceplate,general,box
Замок врезной Apecs 1330_60-CR,Замок врезной Apecs 1330/60-CR,Apecs,1330/60,CR,40.0,80.0,,20,,cylindrical,flat key,5,included,30/30,brass,faceplate,general,box
Замок врезной Avers T-0523-C-CR-R,Замок врезной Avers T-0523-C-CR-R,Avers,0523,CR,60.0,80.0,3,25,18,cylindrical,,,not included,,,faceplate,general,box
Замок врезной Apecs 99-K-CR,Замок врезной Apecs 99-K-CR,Apecs,99,CR,50.0,0.0,4,28.5,12,cylindrical,,,,,,faceplate,general,box
Замок врезной Apecs 2600-CR,Замок врезной Apecs 2600-CR,Apecs,2600,CR,45.0,85.0,3,20,12,cylindrical,,,not included,,,faceplate,general,box
Замок врезной Avers 0827_60-C-AC,Замок врезной Avers 0827/60-C-AC,Avers,0827/60,AC,40.0,50.0,,16,,cylindrical,flat key,5,included,30/30,aluminum,faceplate,general,box
Замок врезной Avers 0827_60-C-NI,Замок врезной Avers 0827/60-C-NI,Avers,0827/60,NI,40.0,50.0,,16,,cylindrical,flat key,5,included,30/30,aluminum,faceplate,general,box
Замок врезной Avers 0823_60-C-AC,Замок врезной Avers 0823/60-C-AC,Avers,0823/60,AC,40.0,50.0,,16,,cylindrical,flat key,5,included,30/30,aluminum,faceplate,general,box
Замок врезной противопожарный Apecs 2001-Panic-ZN ,Замок врезной противопожарный Apecs 2001-Panic-ZN (with DB set),Apecs,2001,,65.0,0.0,,25,,Без механизма секретности,,,,,,bolts,fireproof,box
Замок врезной Avers 0823_60-C-AB,Замок врезной Avers 0823/60-C-AB,Avers,0823/60,AB,40.0,50.0,,16,,cylindrical,flat key,5,included,30/30,aluminum,faceplate,general,box
Замок врезной Apecs 1623-CR,Замок врезной Apecs 1623-CR,Apecs,1623,CR,55.0,55.0,,20,,cylindrical,,,not included,,,faceplate,general,box
Замок врезной Apecs 71-K-CR,Замок врезной Apecs 71-K-CR,Apecs,71,CR,20.0,0.0,,23,,cylindrical,,5,,,,faceplate,Узкопрофильные двери,box
Замок врезной Apecs 7300-20-NIS,Замок врезной Apecs 7300-20-NIS,Apecs,7300,NI,20.0,85.0,,15,,cylindrical,,,not included,,,faceplate,aluminum profile doors,pack
Замок врезной Apecs 7000-35-R-NI,Замок врезной Apecs 7000-35-R-NI,Apecs,7000,NI,35.0,0.0,,25,,cylindrical,,,not included,,,faceplate,PVC profile doors,pack
Замок врезной Apecs 1226_60-G,Замок врезной Apecs 1226/60-G,Apecs,1226/60,G,40.0,70.0,,20,,cylindrical,flat key,5,included,30/30,brass,faceplate,general,box
Замок врезной противопожарный Avers 2002-ZN (B2B),Замок врезной противопожарный Avers 2002-ZN (B2B),Avers,2002,,65.0,72.0,,14,,cylindrical,,,not included,,,bolts,fireproof,pack
Замок врезной Apecs 7000-40-NI,Замок врезной Apecs 7000-40-NI,Apecs,7000,NI,40.0,92.0,,20,,cylindrical,,,not included,,,faceplate,PVC profile doors,pack
"Замок врезной сувальдный Avers T-37_S6-CR (w_o BP,","Замок врезной сувальдный Avers T-37/S6-CR (w/o BP, w/o DP, 5 keys, shank 60mm)",Avers,37/,CR,68.0,0.0,3,26,16,sdeadbolt with double bit,,5,,,,faceplate,general,box
Замок врезной Avers 0823_60-NI,Замок врезной Avers 0823/60-NI,Avers,0823/60,NI,40.0,50.0,,16,,cylindrical,flat key,5,included,30/30,aluminum,faceplate,general,box
Замок врезной Avers 2226_70-CR_NIS,Замок врезной Avers 2226/70-CR/NIS,Avers,2226/70,CR,45.0,85.0,3,20,12,cylindrical,flat key,5,included,35/35,ZAMAK,faceplate,general,box
Замок врезной Avers 0827_60-C-AB,Замок врезной Avers 0827/60-C-AB,Avers,0827/60,AB,40.0,50.0,,16,,cylindrical,flat key,5,included,30/30,aluminum,faceplate,general,box
Замок врезной противопожарный Apecs 1900-ZN,Замок врезной противопожарный Apecs 1900-ZN,Apecs,1900,,65.0,72.0,,21,,cylindrical,,,not included,,,bolts,fireproof,pack
Замок врезной Avers 0827_60-AB,Замок врезной Avers 0827/60-AB,Avers,0827/60,AB,40.0,50.0,,16,,cylindrical,flat key,5,included,30/30,aluminum,faceplate,general,box
Замок врезной Apecs 6000-WC_S-G,Замок врезной Apecs 6000-WC/S-G,Apecs,6000,G,45.0,72.0,,15,,sdeadbolt,,1,,,,screws,interior doors with notch,pack
Замок врезной Avers 1023_60-AC,Замок врезной Avers 1023/60-AC,Avers,1023/60,AC,40.0,61.5,3,18,12,cylindrical,flat key,5,included,30/30,ZAMAK,faceplate,general,box
Замок врезной Avers ЗВ4-1-8 (бронза),Замок врезной Avers ЗВ4-1-8 (бронза),Avers,4,,55.0,55.0,3,23,12,cylindrical,flat key,4,included,35/35,ZAMAK,faceplate,general,box
Замок врезной Apecs 1425-AB,Замок врезной Apecs 1425-AB,Apecs,1425,AB,55.0,58.5,,20,,cylindrical,,,not included,,,faceplate,general,box
Замок врезной Avers 1023_60-CR,Замок врезной Avers 1023/60-CR,Avers,1023/60,CR,40.0,61.5,3,18,12,cylindrical,flat key,5,included,30/30,ZAMAK,faceplate,general,box
Замок врезной Apecs 1601-AB,Замок врезной Apecs 1601-AB,Apecs,1601,AB,55.0,55.0,,20,,cylindrical,,,not included,,,faceplate,general,box
Замок врезной Apecs 72-K-CR,Замок врезной Apecs 72-K-CR,Apecs,72,CR,20.0,0.0,,18,,cylindrical,,5,,,,faceplate,Узкопрофильные двери,box
Замок врезной Avers ЗВ4-1-8 (белый),Замок врезной Avers ЗВ4-1-8 (белый),Avers,4,,55.0,55.0,3,23,12,cylindrical,flat key,4,included,35/35,ZAMAK,faceplate,general,box
Замок врезной Apecs 8300-M-INOX,Замок врезной Apecs 8300-M-INOX,Apecs,8300,,55.0,72.0,,20,,cylindrical,,,not included,,,faceplate,interior doors,box
Замок врезной Apecs 1227_60-G_GM,Замок врезной Apecs 1227/60-G/GM,Apecs,1227/60,G,40.0,70.0,,20,,cylindrical,flat key,5,included,30/30,brass,faceplate,general,box
Замок врезной противопожарный Avers 2000-Panic-ZN,Замок врезной противопожарный Avers 2000-Panic-ZN,Avers,2000,,65.0,72.0,,14,,cylindrical,,,not included,,,bolts,fireproof,pack
Замок врезной Apecs 90-K-CR,Замок врезной Apecs 90-K-CR,Apecs,90,CR,45.0,0.0,,23,,cylindrical,,5,,,,faceplate,general,box
Замок врезной противопожарный Apecs 1900-INOX,Замок врезной противопожарный Apecs 1900-INOX,Apecs,1900,,65.0,72.0,,21,,cylindrical,,,not included,,,faceplate,fireproof,pack
Замок врезной Avers 2210_60-BN,Замок врезной Avers 2210/60-BN,Avers,2210/60,,45.0,85.0,3,20,12,cylindrical,flat key,5,included,30/30,ZAMAK,faceplate,general,box
Замок врезной Apecs 7300-20-R-NIS,Замок врезной Apecs 7300-20-R-NIS,Apecs,7300,NI,20.0,0.0,,15,,cylindrical,,,not included,,,faceplate,aluminum profile doors,pack
Замок врезной Apecs 7300-25-R-NIS,Замок врезной Apecs 7300-25-R-NIS,Apecs,7300,NI,25.0,0.0,,15,,cylindrical,,,not included,,,faceplate,aluminum profile doors,pack
Замок врезной сувальдный Avers ЗВ9-4-1-4 (бронза),Замок врезной сувальдный Avers ЗВ9-4-1-4 (бронза),Avers,9,,55.0,55.0,3,23,12,sdeadbolt with double bit,,3,,,,faceplate,general,box
Замок врезной Avers 1223_60-CR,Замок врезной Avers 1223/60-CR,Avers,1223/60,CR,40.0,70.0,,20,,cylindrical,flat key,5,included,30/30,ZAMAK,faceplate,general,box
Замок врезной Avers T-0523-C-AB-R,Замок врезной Avers T-0523-C-AB-R,Avers,0523,AB,60.0,80.0,3,25,18,cylindrical,,,not included,,,faceplate,general,box
Замок врезной Avers 0823_60-C-G,Замок врезной Avers 0823/60-C-G,Avers,0823/60,G,40.0,50.0,,16,,cylindrical,flat key,5,included,30/30,aluminum,faceplate,general,box
Замок врезной Apecs 1523_60-AC,Замок врезной Apecs 1523/60-AC,Apecs,1523/60,AC,45.0,70.0,3,20,12,cylindrical,flat key,5,included,30/30,brass,faceplate,general,box
Замок врезной Apecs 1425-G,Замок врезной Apecs 1425-G,Apecs,1425,G,55.0,58.5,,20,,cylindrical,,,not included,,,faceplate,general,box
Замок врезной Apecs 7000-45-R-NI,Замок врезной Apecs 7000-45-R-NI,Apecs,7000,NI,45.0,0.0,,20,,cylindrical,,,not included,,,faceplate,PVC profile doors,pack
Замок врезной Apecs 1323_60-NI,Замок врезной Apecs 1323/60-NI,Apecs,1323/60,NI,40.0,80.0,,20,,cylindrical,flat key,5,included,30/30,brass,faceplate,general,box
Замок врезной Avers 0823_60-G,Замок врезной Avers 0823/60-G,Avers,0823/60,G,40.0,50.0,,16,,cylindrical,flat key,5,included,30/30,aluminum,faceplate,general,box
Замок врезной Apecs 2210_60-B_G,Замок врезной Apecs 2210/60-B/G,Apecs,2210/60,G,45.0,85.0,3,20,12,cylindrical,flat key,5,included,30/30,brass,faceplate,general,box
Замок врезной Apecs 1023_60-G,Замок врезной Apecs 1023/60-G,Apecs,1023/60,G,40.0,61.5,3,18,12,cylindrical,flat key,5,included,30/30,brass,faceplate,general,box
